username,password,role
agent001,BT-2026-Agent001!,agent
agent002,BT-2026-Agent002!,agent
agent003,BT-2026-Agent003!,agent
agent004,BT-2026-Agent004!,agent
agent005,BT-2026-Agent005!,agent
agent006,BT-2026-Agent006!,agent
agent007,BT-2026-Agent007!,agent
agent008,BT-2026-Agent008!,agent
agent009,BT-2026-Agent009!,agent
agent010,BT-2026-Agent010!,agent
agent011,BT-2026-Agent011!,agent
agent012,BT-2026-Agent012!,agent
agent013,BT-2026-Agent013!,agent
agent014,BT-2026-Agent014!,agent
agent015,BT-2026-Agent015!,agent
agent016,BT-2026-Agent016!,agent
agent017,BT-2026-Agent017!,agent
agent018,BT-2026-Agent018!,agent
agent019,BT-2026-Agent019!,agent
agent020,BT-2026-Agent020!,agent
agent021,BT-2026-Agent021!,agent
agent022,BT-2026-Agent022!,agent
agent023,BT-2026-Agent023!,agent
agent024,BT-2026-Agent024!,agent
agent025,BT-2026-Agent025!,agent
agent026,BT-2026-Agent026!,agent
agent027,BT-2026-Agent027!,agent
agent028,BT-2026-Agent028!,agent
agent029,BT-2026-Agent029!,agent
agent030,BT-2026-Agent030!,agent
agent031,BT-2026-Agent031!,agent
agent032,BT-2026-Agent032!,agent
agent033,BT-2026-Agent033!,agent
agent034,BT-2026-Agent034!,agent
agent035,BT-2026-Agent035!,agent
agent036,BT-2026-Agent036!,agent
agent037,BT-2026-Agent037!,agent
agent038,BT-2026-Agent038!,agent
agent039,BT-2026-Agent039!,agent
agent040,BT-2026-Agent040!,agent
agent041,BT-2026-Agent041!,agent
agent042,BT-2026-Agent042!,agent
agent043,BT-2026-Agent043!,agent
agent044,BT-2026-Agent044!,agent
agent045,BT-2026-Agent045!,agent
agent046,BT-2026-Agent046!,agent
agent047,BT-2026-Agent047!,agent
agent048,BT-2026-Agent048!,agent
agent049,BT-2026-Agent049!,agent
agent050,BT-2026-Agent050!,agent
agent051,BT-2026-Agent051!,agent
agent052,BT-2026-Agent052!,agent
agent053,BT-2026-Agent053!,agent
agent054,BT-2026-Agent054!,agent
agent055,BT-2026-Agent055!,agent
agent056,BT-2026-Agent056!,agent
agent057,BT-2026-Agent057!,agent
agent058,BT-2026-Agent058!,agent
agent059,BT-2026-Agent059!,agent
agent060,BT-2026-Agent060!,agent
agent061,BT-2026-Agent061!,agent
agent062,BT-2026-Agent062!,agent
agent063,BT-2026-Agent063!,agent
agent064,BT-2026-Agent064!,agent
agent065,BT-2026-Agent065!,agent
agent066,BT-2026-Agent066!,agent
agent067,BT-2026-Agent067!,agent
agent068,BT-2026-Agent068!,agent
agent069,BT-2026-Agent069!,agent
agent070,BT-2026-Agent070!,agent
agent071,BT-2026-Agent071!,agent
agent072,BT-2026-Agent072!,agent
agent073,BT-2026-Agent073!,agent
agent074,BT-2026-Agent074!,agent
agent075,BT-2026-Agent075!,agent
agent076,BT-2026-Agent076!,agent
agent077,BT-2026-Agent077!,agent
agent078,BT-2026-Agent078!,agent
agent079,BT-2026-Agent079!,agent
agent080,BT-2026-Agent080!,agent
agent081,BT-2026-Agent081!,agent
agent082,BT-2026-Agent082!,agent
agent083,BT-2026-Agent083!,agent
agent084,BT-2026-Agent084!,agent
agent085,BT-2026-Agent085!,agent
agent086,BT-2026-Agent086!,agent
agent087,BT-2026-Agent087!,agent
agent088,BT-2026-Agent088!,agent
agent089,BT-2026-Agent089!,agent
agent090,BT-2026-Agent090!,agent
agent091,BT-2026-Agent091!,agent
agent092,BT-2026-Agent092!,agent
agent093,BT-2026-Agent093!,agent
agent094,BT-2026-Agent094!,agent
agent095,BT-2026-Agent095!,agent
agent096,BT-2026-Agent096!,agent
agent097,BT-2026-Agent097!,agent
agent098,BT-2026-Agent098!,agent
agent099,BT-2026-Agent099!,agent
agent100,BT-2026-Agent100!,agent
